[
  {
    "_id": "67f6e9a7a8682700f063904e",
    "nombreArchivo": "Expediente",
    "tipo": "Diagnostico",
    "tamano": 210623,
    "url": "http://localhost:8000/uploads/1744234919263-5192532.jpg",
    "clasificacion": "Confidencial",
    "sensibilidad": "Media",
    "propietario": "67ea035c9e0cedc27915e0c0",
    "permisos": [
      "Escritura"
    ],
    "fechaCreacion": "2025-04-09T21:41:59.288Z",
    "historialAcceso": [
      {
        "usuario": "67ea035c9e0cedc27915e0c0",
        "documento": "67f6e9a7a8682700f063904e",
        "accion": "descarga",
        "fecha": "2025-04-12T02:51:36.925Z"
      },
      {
        "usuario": "67ea035c9e0cedc27915e0c0",
        "documento": "67f6e9a7a8682700f063904e",
        "accion": "descarga",
        "fecha": "2025-04-12T02:55:40.816Z"
      },
      {
        "usuario": "67ea035c9e0cedc27915e0c0",
        "documento": "67f6e9a7a8682700f063904e",
        "accion": "descarga",
        "fecha": "2025-04-12T02:55:56.820Z"
      },
      {
        "usuario": "67ea035c9e0cedc27915e0c0",
        "documento": "67f6e9a7a8682700f063904e",
        "accion": "descarga",
        "fecha": "2025-04-12T02:56:17.156Z"
      },
      {
        "usuario": "67ea035c9e0cedc27915e0c0",
        "documento": "67f6e9a7a8682700f063904e",
        "accion": "descarga",
        "fecha": "2025-04-12T02:57:22.293Z"
      },
      {
        "usuario": "67ea035c9e0cedc27915e0c0",
        "documento": "67f6e9a7a8682700f063904e",
        "accion": "descarga",
        "fecha": "2025-04-12T02:58:57.463Z"
      }
    ],
    "createdAt": "2025-04-09T21:41:59.297Z",
    "updatedAt": "2025-04-15T17:37:05.608Z",
    "__v": 6,
    "resguardo": {
      "metodo": "local",
      "frecuencia": "diaria",
      "estado": "pendiente",
      "cifrado": "SHA-256",
      "ultimaFechaRespaldo": "2025-04-15T17:37:05.607Z"
    }
  },
  {
    "_id": "67f73d3f3b243d6fd1883d3f",
    "nombreArchivo": "Expediente ",
    "tipo": "Historia Clinica",
    "tamano": 202800,
    "url": "http://localhost:8000/uploads/1744256319437-2222222222222.jpg",
    "clasificacion": "Público",
    "sensibilidad": "Baja",
    "propietario": "67ea035c9e0cedc27915e0c0",
    "permisos": [
      "Escritura"
    ],
    "fechaCreacion": "2025-04-10T03:38:39.449Z",
    "historialAcceso": [],
    "createdAt": "2025-04-10T03:38:39.456Z",
    "updatedAt": "2025-04-15T17:37:05.608Z",
    "__v": 0,
    "resguardo": {
      "metodo": "local",
      "frecuencia": "diaria",
      "estado": "pendiente",
      "cifrado": "SHA-256",
      "ultimaFechaRespaldo": "2025-04-15T17:37:05.607Z"
    }
  },
  {
    "_id": "67f9daf003089b4dea593650",
    "nombreArchivo": "Raul Lopez",
    "tipo": "Historia Clinica",
    "tamano": 44990,
    "url": "http://localhost:8000/uploads/1744427760372-image-removebg-preview.png",
    "clasificacion": "Interno",
    "sensibilidad": "Media",
    "propietario": "67ea035c9e0cedc27915e0c0",
    "permisos": [
      "Lectura"
    ],
    "fechaCreacion": "2025-04-12T03:16:00.380Z",
    "historialAcceso": [],
    "createdAt": "2025-04-12T03:16:00.384Z",
    "updatedAt": "2025-04-15T17:37:05.608Z",
    "__v": 0,
    "resguardo": {
      "metodo": "local",
      "frecuencia": "diaria",
      "estado": "completado",
      "cifrado": "SHA-256",
      "ultimaFechaRespaldo": "2025-04-15T17:37:05.607Z"
    }
  }
]